Trade,Principal trading partners,09-Jan,09-Feb,09-Mar,09-Apr,09-May,09-Jun,09-Jul,09-Aug,09-Sep,09-Oct,09-Nov,09-Dec,10-Jan,10-Feb,10-Mar,10-Apr,10-May,10-Jun,10-Jul,10-Aug,10-Sep,10-Oct,10-Nov,10-Dec,11-Jan,11-Feb,11-Mar,11-Apr,11-May,11-Jun,11-Jul,11-Aug,11-Sep,11-Oct,11-Nov,11-Dec,12-Jan,12-Feb,12-Mar,12-Apr,12-May,12-Jun,12-Jul,12-Aug,12-Sep,12-Oct,12-Nov,12-Dec,13-Jan,13-Feb,13-Mar,13-Apr,13-May,13-Jun,13-Jul,13-Aug,13-Sep,13-Oct,13-Nov,13-Dec,14-Jan,14-Feb,14-Mar,14-Apr,14-May,14-Jun,14-Jul,14-Aug,14-Sep,14-Oct,14-Nov,14-Dec,15-Jan,15-Feb,15-Mar,15-Apr,15-May,15-Jun,15-Jul,15-Aug,15-Sep,15-Oct,15-Nov,15-Dec,16-Jan,16-Feb,16-Mar,16-Apr,16-May,16-Jun,16-Jul,16-Aug,16-Sep,16-Oct,16-Nov,16-Dec,17-Jan,17-Feb,17-Mar,17-Apr,17-May,17-Jun,17-Jul,17-Aug,17-Sep,17-Oct,17-Nov,17-Dec,18-Jan,18-Feb,18-Mar,18-Apr,18-May,18-Jun,18-Jul,18-Aug,18-Sep,18-Oct,18-Nov,18-Dec,19-Jan,19-Feb,19-Mar,19-Apr,19-May,19-Jun,19-Jul,19-Aug,19-Sep,19-Oct,19-Nov,19-Dec,20-Jan,20-Feb,20-Mar,20-Apr,20-May,20-Jun,20-Jul,20-Aug,20-Sep,20-Oct,20-Nov,20-Dec,21-Jan,21-Feb,21-Mar,21-Apr,21-May,21-Jun,21-Jul,21-Aug,21-Sep,21-Oct,21-Nov,21-Dec,22-Jan,22-Feb,22-Mar,22-Apr,22-May,22-Jun,22-Jul,22-Aug,22-Sep,22-Oct,22-Nov,22-Dec,23-Jan,23-Feb,23-Mar,23-Apr,23-May,23-Jun,23-Jul,23-Aug,23-Sep,23-Oct,23-Nov,23-Dec,24-Jan,24-Feb,24-Mar,24-Apr,24-May,24-Jun,24-Jul,24-Aug,24-Sep,24-Oct,24-Nov,24-Dec,25-Jan,25-Feb,25-Mar,25-Apr,25-May,25-Jun,25-Jul,25-Aug,25-Sep,25-Oct
Import,All countries,29851.8,30129.4,32885.6,31630.9,29362.1,30436.6,31085,30946.4,31695.7,32495.1,31977.9,31823.2,28936.4,30815.5,36460.7,33150.5,34709.1,36263.8,34083.3,36301.8,36515.3,36565.1,35993.3,34209.1,33449.7,33257.4,40281,36925.1,38628,39452.3,35947.2,40209.4,39369.4,41062.4,40515.3,37298.1,36882.1,38113.4,41582.1,39252.4,41575.5,41504.4,39565.3,40643.7,38072.9,41176.7,40859.7,35943.4,37382.8,37408.7,40971.6,42149.9,41995.5,40575,40158.6,42056.2,41212.2,43363.7,41437.4,39048.3,38878,39448.9,44424.3,44397.2,45740.7,44849.8,43574.5,44129.3,45346.7,47799.6,43582.3,42880.6,41402.9,41380.8,48753.8,46271.1,45626.8,47555.5,45980.2,46997.5,47184.6,47302.6,46080,44528.9,42556.9,44133.4,47167.5,45224.4,45733.1,47477.2,43251.7,47660.7,48775.9,46506.2,45725.1,43137,43306,43734.9,50890.8,47807.9,52070,52083.9,45358.8,48933.8,46931.1,47466.7,49971.1,46469.3,44910.1,44980.8,53738.1,51269,54167,53758.4,50612.3,53305.3,50242.5,52604.3,50534.4,47848,48907,47206.9,54715.1,52820.2,55117.1,51670,51022.3,53107.1,50460.1,52834.6,49185.5,47351.7,46837.9,46789.8,51499.5,38091.3,36178.2,45209.4,48128.5,48937.4,50644.5,52261.1,50040.6,48505.3,45569.2,45032.3,56302.8,51306.5,51998.4,53575.6,52927.2,54387.5,53051.8,55884.3,56769.4,58020.8,50073.9,52697.1,67745.4,64347.7,65766,68598.1,63862,68952.9,66831.8,67749,64789.8,61090.2,59976.2,57967.9,67900.5,61790,68202.9,68136.7,61119.8,67976.3,65569.7,66309.2,65149.3,60452.3,57532.2,60994.9,66244.8,67302.1,67504.3,66470.7,65457.3,67802.2,65650.1,69410.5,66039.7,65344.5,65334.3,64928.8,73520.7,67911.6,68226,68308,66463.5,67336.9,,
,United States,18288.9,19463.3,21698.4,20068.3,18848.9,19174.5,18738.8,19458.6,20225.6,20444.1,20059.3,19835.4,18221,19823.4,23206.4,21391.9,22532.9,23446.4,20677.9,22359,22823.5,22932.8,21636.6,21050,20728.8,20484.5,25361.3,23128.6,23992.9,23983.3,21503.8,24812.7,24332.4,25362.4,24258.2,23562.8,22595.6,23729.4,26551.9,24564.2,26504.4,26832.8,23389.6,25144,23970.4,25572.5,24865,22494.2,23106.1,23637.5,26984.5,27059.3,27463.8,26545.8,25043.3,26550.2,26041.8,28238.1,27146.1,25699.5,25229.7,26623.7,30672.2,29566.2,30356.4,30224.9,28533,29248.4,30144.7,32184.9,29466.4,29025.9,27580.9,27681.1,32636.9,30532.1,30472.8,31325.9,29658.6,30615.6,31045.7,31597.8,30293.3,30265.8,28455,29336,31463.2,30329.1,30374.5,31900.2,27754.3,30807,30261.7,30598,29604.3,28885.2,28151,28343.4,33817.7,30994.1,34133.7,34138,27912.9,31170.4,29906.7,30594.2,32424.5,30140.7,28794.4,29771.7,35337.8,33092,34968,34732.7,31040.4,33787.5,32495,34198.9,32958.1,30335.7,30464.8,30881.9,35743.4,34036.7,35334.8,33327.1,31002.9,34123.9,32566.6,33611.1,31455.5,29864.4,29897.1,31257.2,33346.9,20948.1,21435.2,28197.8,29852.3,31322.3,32090.2,31970.1,30240.2,30334.6,28363.6,28921.5,36069.8,32129.4,31624.2,33453,33059.8,33254.6,32052.7,34726.9,35552.1,36070.9,31806.3,33146.1,42215.4,40061.5,40493.3,43104.5,39060.8,42597.7,41271.4,41765.2,40682.7,39222.7,37474,36784.4,44394.5,39735.9,42189.9,42586.3,38597.1,42631.2,41140.2,40746.4,40439.3,37853.5,36439.7,39111.2,42373,42854.6,42264.4,41828.9,38788.6,41553.4,40171.8,42477.3,41937.7,39637.8,40133.6,41650.6,46836.4,38978.7,39211.3,39749.9,37200.2,37769.9,,
,European Union 7,2984,3183.1,3368.7,3455.5,3002.2,3472.6,3306.3,2733.5,2918.9,3529.3,3432.2,3455.7,2634.8,3042.4,4111.2,2971.1,3273.8,3267.3,3385.7,3639.2,3151.3,3424.6,3884,3638.1,3383.2,3339.4,4086.5,3983,3811.2,4253.4,3963.5,3973.3,3688.6,3874.7,4180.3,3322.3,3288.5,3511.5,3887.1,3705.6,4191.8,3888,4082.5,4250.9,3458.4,3723.8,3596.7,3053.4,3082.9,3469.3,3664.5,4213.4,4474.1,3729.1,4067.5,3712.5,3774.3,4197.3,3755.2,3251.4,3333.8,3406.5,4054.2,4555.9,4682.7,4298.9,4418.3,4192.7,4378,4296.2,4014.3,3844.4,3479.5,3782.5,4599,4708.2,4435.7,5061.6,4630.2,4812,4498.5,4463,4353.6,4338.7,3593.8,4150.6,4651.2,4198.8,4630,4684.5,4194.5,4933.6,4499.4,4507.1,4574.3,3824.3,4248.4,4085.1,4959.3,4784.8,5076.3,5001,4828.6,4879.1,4439.1,4999,4796.1,4760.9,4511.1,4190.7,5614.4,5573.7,5974.8,5727.1,5855.1,6017.9,4904.9,5465.9,4943,4974.7,5142,4780.9,5609.3,6017.7,6247.8,5320,5761.7,5458.2,5103.2,5942.7,5438.3,5681.1,4513.2,4508.8,5733,5087.6,4416,5320.4,5071.5,4500.8,5504.7,5261.3,5393,5080.5,3859.2,3776.2,4899.3,4821.1,4941.5,5335.3,5181.7,4862,4822.5,4829.3,5066.9,4810.6,4192.6,4543.1,6373.4,5433.4,6494,6338.5,6142.8,5951.3,6238.7,6437.4,5712.8,5312.1,5609.7,6048.2,6108.2,6182.4,6874.6,6966.5,6604.3,6373.3,5280.6,6896.7,6324.8,5294.9,5279.5,5272,6330.1,6138.1,6371.6,6349.5,7531.5,6213.9,6126.1,6383.1,5389.3,6495.2,5512.9,5233.8,6391.6,6700.2,6723.7,6886.8,7038.1,6783.9,,
,China,2370,1962.6,1878.3,1942.9,1720.6,1753.1,2078.5,2050.7,2099.8,2030,1900.3,1787.2,1884.5,1755.2,1866.6,1743.8,2011.9,2311.1,2596,2679.4,2659.4,2477.8,2362.6,2043,2280.1,2154.7,1917.5,2106.3,2284.7,2415.8,2513.3,2934.4,2658.8,2520.6,2631.5,2293.4,2643.8,2167.8,2186,2424.1,2436.5,2633.2,2880.1,2881.9,2550.7,2810.4,2969.9,2367.6,2682.6,2377.5,1871.5,2422.8,2536,2449.3,2990.7,2998,2928.9,3064.1,2986.2,2636.1,2998.5,2580.4,2280.6,2949.4,2970.1,2781.1,3049.2,3134.9,3438.4,3467.6,2978.8,2940.7,3428.4,2909.3,3278.4,2880.4,2765.1,3044.2,3617.7,3610,3779.5,3518,3223.1,2909.2,3226.2,3315.8,2496.5,2734.4,2875,3028.3,3201,3640,3332.3,3614.6,3305,2891.9,3449.7,3106.6,2846.7,3174.7,3778.9,3701.5,3842.5,3909.5,3740.1,3700.8,4052.5,3428.9,3704.7,3206.2,3527.5,3248.7,3978.7,3781.2,4261.3,4159.1,4192,4308.6,4195.6,3793.3,4597.8,3477.4,3505.4,3783.1,3884.3,3730.7,4243.4,3937.1,4255.1,4105.8,3710.6,3681.1,3647.2,2631.8,2454.1,3809.4,4245.7,4365.3,4783.4,4772.8,4347.2,5304.7,4922.7,4407.7,4339.7,3694.7,4791.3,4297.6,4541.5,4357.2,4263.1,5216.1,5575.6,5780.5,5125.7,5327.5,4400.1,4665,6003,5629.6,5708.8,5861.6,6103.6,7146.6,7067,6603.4,5410.5,5017.6,5395.2,4356.1,4708.7,4244,5294.5,5214.3,4081.5,5454.2,5968.6,5720.7,5147.2,4600.3,4500.9,4666,4724.6,4847.9,5092.2,5057.8,5596.9,5627.5,5725.2,5988.5,4681.1,4996.5,5323.7,4345.3,5164.2,5373.4,5983.3,5807.4,5953.1,5622.8,,
,United Kingdom,618.2,565.9,772.3,692.9,748.1,755.2,579.7,497.7,613.2,845.3,800.3,1010.6,619.7,781.7,1252,667.1,804.4,537.7,646,817.1,664.5,798.6,1027.6,939.9,906.1,755.3,1049,861.7,856.7,1193.2,984.4,794.9,735.1,748.4,1083.1,590.5,497.4,790,790.4,546,1007.1,768.8,724.2,1039.7,664.6,476.3,581.9,508.5,432.9,512.5,643.1,817.8,1149.2,529.7,593.2,533.1,474.9,783.1,657.3,492.8,540.2,482.5,648.8,760.7,700.6,706.2,534.6,781.3,836.7,747,725.1,791.9,741.8,759.3,844,574.5,802.5,857.8,528,1002.3,653.6,654.7,581.3,639.6,514.8,643.5,625.6,531.8,742.2,697.8,582.6,843.8,688,702.5,611.5,553.6,760,550.3,699.5,713.7,651.2,701.8,669.1,653.1,649.3,705.8,665.7,669,523.3,553.2,653.8,784.9,818.3,655.6,747.2,783.6,729.2,698.6,657.1,618.6,741.8,594.3,755.6,763.5,787.6,658.1,541.6,549.7,696.5,810.6,744.4,743.9,529.2,586.2,760.7,1246.4,778.7,664.1,601.1,923.6,892.9,738.3,800.1,885.9,500.4,860.7,701.7,730.7,819.4,895.7,1155,1071.4,893,805.7,821.3,779.5,586.3,746.9,882.4,925,1023.8,1161.5,772.7,707.8,747.4,763.5,657.6,925.4,857,725.9,748.8,678,1361.5,1526.3,965,956,620.7,702.8,1011.7,718.9,551.5,909.1,839.1,1133.3,868.6,694.1,835.4,921.8,626.2,655.8,1194.2,674.2,889.4,1194.2,839.9,1637.7,885,863,810,752.9,,
,Mexico,551.4,673.6,760,771,777.9,731,975.3,1094.9,842.8,896.5,1092,988,900.1,1024.7,1213.5,1145.8,1173.2,1157.5,1033.3,1156.2,1275.5,1438.1,1301.9,1107.6,1025.1,1148.2,1332.2,1202.9,1320,1292,1225.6,1498.3,1335.5,1329.9,1492.6,1061.6,1039.8,1246.9,1654.8,1346,1399.7,1402.4,1252.1,1341.3,1231.4,1374.4,1454.1,1168.8,1095.3,1340.7,1389.1,1337.1,1391.5,1402.7,1342,1319.8,1632,1373.1,1375.6,1381.8,1145.2,1284.3,1430.8,1303.3,1505.2,1486.6,1363.1,1405.5,1476.9,1567.5,1682.4,1484.8,1282.7,1584.3,1639.5,1583.3,1514.2,1660.8,1544.8,1518.9,1480.3,1485.5,1642.4,1436.8,1267,1504.7,1695.4,1561.2,1652.8,1715.6,1563,1563.9,1552.2,1668.5,1578.6,1592.5,1385.7,1632.8,1964,1759.7,1864.7,1949.5,1616.7,1978.6,1935.6,1645.4,1827.1,1675.2,1313,1711.2,1946.5,1842.2,1764.9,1974.5,1793.2,1866.3,1705.6,1699.9,1667.1,1572,1452,1464.4,2027.8,1785.4,1941.7,1919.3,1731.6,1615.6,1586.1,1782.9,1637.5,1535.4,1392.5,1564.7,1633.2,748.4,628.6,1297.3,1535.6,1486.3,1503.7,1690.9,1782.5,1758.7,1412.5,1384.2,1744.8,1500.8,1768.9,1721.8,1442.8,1800,1627.9,1839.1,1799.4,1931.9,1490.4,1732.7,2242.6,2234.7,2029.9,2106.9,2168.4,2141.4,2295.6,2261,2320.9,1939.2,2006.7,2037.4,2501.9,2257.5,2531.3,2353.4,2339.7,2488.3,2599.1,2522.8,2707.7,2398.8,2033,2115.3,2351.5,2437,2508.8,2794.8,2563.6,2360.8,2519.1,2558.8,2664.6,2515,2090.2,2417.3,2913.4,2883.7,2865.9,3283.4,3048.5,3248.3,,
,Japan,889,763.1,821.7,822.3,638.8,725.1,755,770.3,762.1,803.4,782.8,796.9,599,913.1,924,909.7,733.5,936,766.7,754.8,928.7,921,843.6,831.9,695.9,929.1,877.7,525.9,541.9,615.8,754.3,753.7,771.4,953.4,929,1018.1,821,1075.9,1135.1,931.7,770.9,931.7,967.5,800.4,824.9,986.4,866.5,681.6,735.6,795.9,917.5,801.1,795.3,807.9,816.8,743.5,727,863.6,793.4,798.7,733.9,771.8,814.6,760.9,809.2,752.2,759.7,703.9,752.8,844.3,691,826.3,722.9,841.6,1181.7,1092.5,817.2,982.2,863.9,859.2,921.1,812.2,915.9,789.1,735,903.8,1066.4,1061.8,905.5,996.1,973,1017.4,968.9,1144.6,1109.3,903.2,646.3,1107.6,1469.5,1277.3,1304.2,1270,1155.8,1240.6,1063.1,992.1,1096.6,943.8,943.7,1027.3,1292,1340.1,1198.3,1242.8,1099.4,1059,834.8,824.8,944,906.7,811.8,1031.8,1230.9,1148.7,1046.5,1133.6,1141.4,1010.9,939.7,972.2,969.1,944.3,875.2,1025.8,1187.8,739.1,430.1,447.1,680.8,714.1,1009.2,1027.4,970.9,905.9,754.5,898.7,1124.2,929.8,1119.8,1176.7,895.8,764.3,982,692.1,974.3,867.3,704.4,975.8,1182.8,1171.7,851.9,1122.8,1030.1,1158.3,909.9,973.5,935,932.7,857.6,1015.3,1272.6,1262.8,1303.2,1405.4,1148.8,1251.3,1536.7,1328.5,1315.1,1483.5,1257,1400.4,1368.5,1310.2,1252.9,1595.8,1420.2,1484.9,1560.2,1171.6,1134.3,1477.7,1245.2,1166.7,1480.5,1264.7,1208.1,1379.9,1460.9,1303.3,,
,South Korea,322.4,277.4,343.3,378.4,420.2,480.5,396.3,282.4,419.1,420.8,408.5,337.2,316.9,379.5,367.8,445.1,404,370.4,387.9,369.5,403.7,436.9,476.2,334.3,297.2,377,415.3,390.5,494.9,524,637.7,461.7,395.3,424.5,450.7,357,380.7,403.1,510.3,478.5,531.4,463,453.6,469.7,405.6,373.8,374,346.6,388.7,417.5,421,570.7,627.9,477.6,561.7,398.7,412.4,442.9,462.8,402.8,492.1,445.4,581.6,548.2,488.3,469.1,456.4,417.3,430.6,390.7,429.4,446.1,492.6,489.6,545.4,484.1,540.2,518.3,616.6,518.6,558.2,488.8,890.4,381.2,471.2,469.4,736.2,487.6,574.5,584.3,465,438.5,3381.6,339,531.6,478.5,426.8,562.1,646.8,552,574.8,809.6,592.7,563.6,677.5,555.6,719.2,589.4,458.8,476.3,607.2,773.4,844,905.4,767.8,696.7,656.1,614.3,754.1,718.7,580.5,688.1,643.7,735.1,787,870.7,846.3,716.3,707.2,619.2,654.5,513,591.9,481.4,661.7,580.7,328.6,606.8,662.2,637.6,659.5,798,825.3,715.9,647.9,582.5,787.4,777,810.5,671.3,754.6,733.2,708.9,599.9,801,831.7,814.7,769.4,991.1,1061.1,1109,906.6,988.6,878,897.6,975.7,893.4,704.6,801.6,840.3,958.9,853.7,916.6,877.7,764.9,1087.7,1089.8,1069,970.3,1225.2,903.8,1086.6,1415,1353,1370.6,1452.9,1230.3,1115,1335.6,1258.6,1174.2,1247.2,1511,1068,1276.8,1525.7,1481.2,1327.4,1450,1005.5,,
,Hong Kong,410.6,345.7,321.4,318.8,300.2,309.3,489.9,357.3,365.6,394.9,375.8,313,328,286.6,307.7,291.8,302.6,365.8,444.3,451.5,506.7,445.5,465.8,360.4,376.4,321,393.6,337.8,367.1,389.9,396.6,394.4,416.6,419.7,473,402.4,366.1,307.9,301.4,313.6,317.5,370.4,447.1,444.6,378.1,426.2,466,454.7,353.9,297.4,272.9,310.8,321.7,319.1,423.3,403.5,402.3,377.9,360.8,304.7,343.9,296,260.1,306.9,316,342.1,383.3,422.8,411.3,459.8,308.9,317.3,337.7,339.8,370.2,328.3,338.6,352.2,422.7,404.2,433.2,368.3,355.5,370.2,359.7,355,244.4,308,274.4,326.9,359.4,465.3,404.2,363.6,362.9,292.2,366.5,293.4,315.9,292.9,335.7,352,367.3,369.6,357.3,399.1,377.3,293.1,284,294.1,286.2,301.8,380.9,339.9,383.1,378.6,382.5,423.1,445.9,347.2,404.7,288.1,324.1,304.4,335.7,312.7,396,392.9,405.6,376.6,334.2,305.1,314.3,200.2,250,377.7,325.7,341.3,372.2,397.4,368,482.2,389.1,329.3,348.6,263.7,354,449.4,484.7,375.6,393.7,421.3,515.6,435,426,429.9,388.2,345.2,411.5,447.9,432.7,457.9,437.3,408.5,419.3,371.6,365.1,294.3,292.5,272.6,295.7,295.6,433.7,330,292.1,392.7,362.2,294.5,286.4,284.2,243.2,242,257.9,268.3,279.8,263.7,310.6,366.6,304.4,332.4,273.2,294.8,314.6,249.7,318.9,377.7,369.8,352.7,350.3,366.8,,
,Brazil,173,156.6,151.8,134.6,158.9,126.3,184.7,148.6,177.9,285.4,184.5,187.8,208.8,115.5,423.2,232.3,226.1,234.2,247.1,238.8,194.3,271.4,267.8,191.8,198.9,146.5,261.9,342.9,214.2,328.8,344.5,260.5,269.3,419.5,286.3,137.2,200.2,458.5,188.1,222.6,229,216.5,316.4,229.8,350.3,282.1,420.4,380.2,188.3,129.2,309.9,195.8,216.4,167.6,200,237.7,373.9,311.8,320.8,162.1,229.2,167.8,188.2,216.3,312.6,189.1,279.5,241.3,295.2,278.8,249.7,228.5,213,214.9,193.7,283,260.9,207.3,188.5,357.8,253.4,360.5,372.5,254,266.7,208.6,226.7,262.6,291.4,236.7,308.2,316.4,317.4,252.1,299.1,222.5,283.8,390.4,336.4,331.7,269.5,431.6,345,316.7,293.4,279.7,381.3,264.1,323.3,324.1,270,330,353.7,405.7,502.9,289.1,433.2,510.5,445.8,510.8,411.8,394.3,320.8,350.3,418.4,320,417,450,446.9,406.8,445.5,383.1,479.6,363.7,408.8,563,500.9,382.7,540.1,515.3,420.4,554.4,539.4,559.3,512.2,443.5,478.1,534.4,524.4,503.4,588.6,498,487.6,678.6,687.6,739.8,505.5,413.9,636.6,533.3,564.2,646.7,723.2,478.8,648.6,645.7,742.6,926.7,614.1,433.2,627.9,517.5,721.2,649.3,626.1,741,871.7,747.9,676.7,762.7,687.9,612.2,636.5,645.4,771.8,630.8,727.3,867.9,757.4,730.2,1040.4,779.7,1034.4,657.3,810.6,984.1,657.4,834.8,878.4,611.1,,
,Algeria,250.5,197.5,206.9,369.1,221.3,328.7,265.4,290,361.7,288.5,468.9,490,223.7,213.1,169.2,308.1,303.4,317.5,404.3,290.3,135.2,346.5,256.8,382.2,200.6,316.2,616,450,750,543.4,233.4,551.1,465.7,428.9,511,547.2,614.9,580.3,416.4,620.5,580,452.6,334.5,482.2,465.9,608.4,361.5,468.8,412.2,332.3,333.5,228.1,452.9,226.2,222,116.9,382.8,336.8,1.1,267.3,225.7,331.8,125,111.2,0.4,0.6,116.5,0.5,123.4,100,149.9,58.3,66.4,54.9,125.3,1.2,48.2,85,148.5,179.4,66.2,76.5,123.3,60,109.4,48.9,145.9,150.4,227.9,145.8,237.4,210.8,118.3,201.5,177.4,63.8,186.7,163.5,76,78,233.8,1.4,2,0.1,169.3,0.3,0.5,0.6,74,1.5,0.7,52.4,1.5,0.4,89.7,0.3,16.2,0.7,0.3,0.5,13.5,0.8,0.7,2.2,1.2,0.3,0.7,0.4,0.5,13.7,21.4,0.5,0.7,0.7,1.5,0.6,11.3,2.3,0.1,0.2,10.3,1.1,10.7,0.9,1.4,0.9,1.6,0.7,13.6,0.5,0.7,0.2,0.6,0.4,7.5,29.7,1.5,1.4,1.4,6.9,53.9,19.2,23.7,0.1,26.5,27.4,91.4,19.8,36.5,3.7,9.4,31.7,32.3,0.4,31.8,0.4,0.5,0.6,49.6,16.6,16.5,15.3,15.5,25.4,27.3,13,1.2,1,33.4,11.2,38.8,7.8,3.5,56.6,9.1,28.1,60.8,29.8,19,2.9,,
,Norway,233.5,253.8,263.5,319.7,249,237.7,385.7,430.2,71.1,345.2,237,416.7,297.5,287.3,243.9,152.3,278.5,94.2,312.3,258,154.3,207.4,47.7,256.9,276.8,128.9,633.3,238.6,312,285.4,310.8,211.4,201.4,541.3,224.8,418.3,460.3,112.8,340.4,127.3,243,294.8,206.8,190.8,242.5,126.7,487.7,222.8,239.8,309.5,489,324.9,182.3,493,234.2,717.1,301.6,32.4,189.8,432.3,326.9,308.8,31.5,54.8,256.7,222,94.5,137.6,41.5,136.7,65.1,131.7,34.9,28.6,215.7,211.8,258.8,140.2,169.1,111.9,175.8,55,147.5,142.6,145,77.6,140.1,76,219.2,102.6,165.8,88.5,34.2,171.8,115.8,147.8,59.6,340.4,80.6,259.1,157.9,199.4,230.1,161.9,97.1,203.8,85.9,71,26.4,135.1,94.6,123.8,186,101.3,135.3,69.7,76.6,45.9,84.6,67.1,129.1,102.4,133.7,49.7,180.8,139.8,281.1,121.1,54.3,79.4,130.2,118.6,48.4,181.2,128.8,61.4,97.3,107.5,118.2,125.7,70.8,73.5,38.5,86.4,57.7,39.6,54.9,135.9,147.9,61.4,69.8,37,60,105.7,61.1,74.2,49.9,207.2,60.4,123.6,43.6,51.8,52.2,58.6,84.1,67.7,153.6,66.9,48.1,62,44,91.1,54.1,61.4,52.6,91.8,44.2,89.3,56.6,43.5,44.5,44.7,62.6,71.2,67.8,90.2,77.6,53.9,117.2,91.8,57,57.9,103.8,48.9,61.7,151.3,308.2,101.6,219.2,129.2,,
,India,151.3,144.7,161.7,143.5,129.9,126.2,120.2,120.5,158,117.6,105.5,111.1,116.5,109.8,155.7,117.5,107,126.2,127.1,149.6,144.1,148.3,148,174.5,156.9,141.5,215.1,145.4,147.5,143.7,137.1,149.2,174.3,181,164.3,149.7,253.1,171.5,179.1,179.5,168.6,171.2,190.7,190.1,157.1,187.7,168.1,142.2,169.9,155.2,181.8,224.6,177.7,138.3,191.7,182.3,206.8,273.2,254.9,161.9,183.9,179.1,206.1,230.2,189.5,185.1,203.9,200.7,222.8,265.7,187.7,219.2,211.5,212.6,226.4,276.7,252.6,249.8,236.1,261.5,292.5,289.8,227,186.5,241.4,261.3,253.2,216.3,208,266.4,282.4,237.4,298.5,244.3,271,177.8,274.3,218.3,263.4,237.2,276,275.2,245.6,240.3,257.2,267.5,245.1,239.3,267.5,435.2,304.3,402.4,335.1,289.8,305.3,295.1,312.6,314.5,321.6,307.8,314,341.7,348.5,375,427.7,310.8,347.6,303.8,318.5,361,335.3,317.4,312.2,308.7,397.7,369.3,183.3,225.5,283.5,296.7,368.5,420.8,381.6,315,356.7,281.9,410.2,391.9,403.6,339.5,387.1,402.8,382.9,440.3,397.7,428,428.8,391,461.5,549.9,543.1,659.3,567.5,566.7,636,655.7,507.8,496.9,446.4,434,457.8,461.3,563.7,447.1,417,435.8,556.2,465,423.5,410.1,431.9,409.9,507.6,597,526.1,467.6,465.1,454.7,487.5,578.5,498.2,505.9,607.8,540.1,602.4,581.5,719.7,564.4,531.5,567.2,,
,Switzerland,307.4,365.8,319,299.6,277.7,289.9,291,367.1,370.8,299.2,343,295.1,320.4,296.6,430.4,244.1,395.2,271.9,363.8,270.2,404.6,271.9,401,278.5,338.2,339.7,309.4,344,268,275.1,311.7,384.2,372,324.4,406.6,289.8,327.3,381.5,336,332.5,291.8,286.6,314,351.6,341.4,366.2,320.3,246,331.6,342.7,281.5,399.2,429.9,260.9,369.9,415.3,375.8,417.7,367.4,429.6,443.8,299.6,363.6,428.3,435.7,389.9,457.6,316.3,417.2,513.1,437.6,375,367.2,384.6,434.3,514.5,486.5,440.5,398.9,459.3,433.7,558.8,397.3,415.2,429.2,413.9,504.6,415.8,526.8,363.4,400.2,438.3,453.9,554.6,526.2,386.1,433.3,502.4,420.2,559.1,445.1,390,469.7,589,404.7,533.9,612,525.1,601.1,602.3,688.4,478.3,561,545.4,567.3,756.1,626.3,695.7,600.7,553.1,528,645.4,621,555.2,597.5,512.5,771.6,660.6,480.1,609.3,539.4,752.3,749,1382.5,1639.3,1409.9,804.1,495.8,805.2,648.3,618.1,490.8,749.6,492.9,643.1,406.9,523.6,698.7,505.4,622.2,661.3,617.6,585.2,573,743.4,700,558.4,699.5,672.3,562.5,681.6,829.3,612.5,692.7,539.2,614.1,799.5,497.5,748.8,544,690.8,576.2,505.2,656.2,777.2,848.4,709.8,752.8,603,650.1,785.5,516.8,654.3,660.7,572.5,516.1,617.2,1153.4,563,887,998.4,627.9,751.7,726.8,629.3,799.9,1098.4,674.6,742.7,1845.6,,
,Saudi Arabia,162.5,114.6,149.8,119,159.9,138.8,156.2,142.2,145.2,169.4,82.3,155.2,164.8,157.8,185.2,200.7,175.9,154.2,316.1,88.5,209.2,9.7,167,170.5,191.2,193,199,228.1,160.3,208.2,237,40.5,220.2,264,238.5,226.7,256.4,277.1,233.4,2.4,272.9,95.7,223.3,83.4,0.5,1.1,168.5,2,255.5,312.9,249.4,404.4,221.4,46.1,172.3,371,1,172.9,238.7,289.4,87.7,144.7,219.3,174.1,215.1,362,236.6,290.6,106.7,187.2,144,190.6,100.9,130.4,166.4,282.6,230.8,234.1,209.1,189.5,179.2,6.1,122.9,204.1,121.8,72.3,88,189.2,209.5,115.9,270.9,253.9,117.4,19.2,129.1,149.8,145.2,206.2,282.4,144.1,262.5,217.5,259.5,123.7,272.3,138.7,284.2,342.4,233.9,235.7,422.3,400.3,327.2,494.8,373.2,384.5,293.2,279.2,192,172.3,298,187.8,291.9,109.7,386.6,208.8,347.7,331.7,326.3,249.1,267.5,187,250.8,212.3,136.6,82.4,119.2,128.8,62.9,1,60.6,174.6,191,57.2,57,245,244.4,84,165.3,93.5,261.7,177.5,227.5,186.8,309.7,304,204.6,221.7,494,258.4,549.2,293.1,298.5,374.1,247.6,228,244.7,235.9,185.1,223.6,287.3,195.6,399.1,117.9,218.9,115,133.4,4.2,115.6,106.4,1.8,3.4,128.8,248.8,237.3,249,243.5,213.8,93.4,207,215,227.2,250.2,242.1,229.5,211,210.1,227.2,114.6,106.7,,
,Türkiye,317.5,64.7,73.7,215.6,90.7,98.5,186.9,276.2,77.4,113.1,116.8,318,30.3,28.2,35.9,111.4,293.9,186,246.3,41.8,171.4,168.1,328.3,151.7,256.2,123.1,399.4,233.7,274.7,105.5,75.8,188.9,86.2,173,337.3,221.8,204.3,192,460.5,313.9,358.2,182.2,240.7,182.1,448.7,218.8,485.6,238.9,238.7,317.4,167.9,310.3,110.8,87.3,103.6,109.8,148,80.9,100.1,64.5,66.4,58,74.4,125.4,88.6,105.3,91.8,123.8,82.4,75.8,89.4,139.2,83.3,74.8,67.4,87,122.4,71.2,94.3,60,80.5,74.4,78.5,76.7,82.1,89.9,72.7,67.8,67.7,107.7,64.5,79.2,89.9,73.7,109.1,126.5,81.7,115.3,81.3,108.5,137,125.2,98.6,136.6,111.4,105.6,152.5,108.6,153.4,105.5,94.8,193.3,125.9,125.4,145.6,234.8,136.7,165.4,189.9,139.9,119.3,88.2,130.1,114.3,140.6,126.7,85.3,97.6,115.9,106,84.9,116.6,103.3,63.8,107.3,104.4,112,146.1,101.3,95.8,132.2,142,113.8,109.6,137.9,103.8,127.9,106.7,173.5,179.9,164.4,264.3,184.7,221.9,306.5,220.7,134.9,150.1,159.6,181.3,412.7,198.7,201.5,272.7,157.7,237.2,207.7,207.5,157.3,143.5,134.8,146.2,185.8,179.4,181.7,171.9,141.4,212.3,205.9,163.5,184.6,210,186.3,237.7,175.8,186.8,211,229.9,185.7,182.6,153.5,243.1,272,168.2,145.1,238.4,162,228,223.9,195.7,,
,Taiwan,222,160.9,192.1,185,176.5,140.1,169.2,150.6,142,170.7,154.7,167.1,175.3,145.1,169.6,156.1,185.9,192.7,209.1,219.4,200.6,210,223.1,254.7,202.1,192.8,213.7,232.4,220.4,214.6,242.2,296.9,206.7,251.6,230.1,239.4,229.8,212.9,228.4,239.6,259.8,240.4,244.3,263.7,203.4,258.2,240.6,187.6,238.6,192,183.2,255.3,256.3,210.4,257.2,229.9,218.7,242.4,221.8,204,255.7,193,191.3,323.5,274.6,208.1,219.9,234.4,252.1,273.2,184.6,193.1,237,231.3,396.8,334.5,292.2,275.2,273,301.1,291.8,279.4,262.1,262.6,309,244.3,234.5,259.5,243.3,242.6,226.3,261,259.1,268.1,236.8,254,294.7,230.5,261.1,257.3,323.3,284.6,278,265.8,303.9,280.6,273.5,264.7,293.5,257,290,347.8,329.6,301.8,327.5,295.6,287.4,327.8,342,321.9,393.1,273.4,327.1,351.6,316.5,301.3,334.8,300.1,285.5,299.9,274.6,272.4,296.5,219.5,293.3,290.4,252.8,287.4,270.7,256.5,279.2,312.9,336.9,299.8,259.6,293,318.3,346.7,334.6,314,318.9,384.3,401.7,369.5,346.8,450.4,309.8,310.1,477.9,529.1,405.1,489.8,491.8,518,450.2,466.3,458.5,326.7,382.2,330.4,345.5,330.5,386.9,396.3,276.9,348.9,388,355.5,337,304.1,328.8,242,354.3,380.8,365,326.9,346.6,329.5,325.9,325.1,281.9,351.4,395.7,320.2,376,393.1,494.2,395.3,423.5,338.4,,
,Peru,198,229.2,206.7,212,227.1,214.1,206.3,233,260.1,256,263.4,300.5,266.8,298.1,313.8,289.5,250.7,273.3,298.7,338.1,302.9,314.2,296.2,350.3,274.5,311.8,315.5,331.8,365.9,411.5,431.8,358.9,404.1,332.1,333.4,454.4,317.9,380.1,330.2,284.9,251.7,280.9,324.3,312.6,335.2,278.3,393.1,228,233.9,248.1,265.6,301.3,246.7,223.6,197,262.8,234.3,242.1,193.4,265.3,228.7,218.8,262.3,163.4,313.6,191.1,188.4,317,226.4,231.2,256.8,213.2,267.9,260.3,242.8,276.4,225,311,271.9,235.4,219.8,248.5,292.2,273.3,276.7,248,333.1,236.3,83.5,105.7,170.7,138.8,214.2,149.1,204.3,158.8,129.5,139.6,93.2,178.7,133.5,105.9,131.8,197.6,123.9,134.7,75.1,109.4,90.7,61.1,153.5,63.5,82.7,79,83.7,81.1,68.4,100,87,116.2,194.8,209.5,234.7,221.8,271,299.7,311.7,347.4,288.4,339.8,341.5,254.5,327.8,221.4,166.7,303.9,117.9,312.3,312.3,361.9,253.3,433.3,255.6,390.5,353.5,265.9,299.5,308.8,248.1,294.6,281,281.5,284.1,383.5,303.3,361.1,286.9,292.4,322.3,309.7,292,299.9,318,326.5,296.2,319.8,403.2,363.2,308.7,331,295.4,355.3,343.6,354.4,288.7,346,393.7,388.1,393.2,542.9,556.4,454.6,382.1,464.8,442.9,394.3,419.3,464.1,447.9,570,464.2,649.4,647.4,486.5,492.2,541.4,502,572.7,502.3,624.8,,
,Australia,129.3,84.3,164.8,86,104.1,139.7,139.7,136,111,120.2,175.6,153.8,97.9,101.7,100.3,125.9,131.6,179.1,125.4,84.3,158.8,71.1,131.2,156.3,73.5,98.5,216.8,79.8,148.5,141,75.5,168.9,134.8,119.8,119.2,144.9,239.6,105.4,98.3,161.3,134,197.4,134.9,127.6,177.8,174.9,125.4,151.5,192,102.8,225.7,157.2,109.7,123.7,130.7,151,81,157.5,113.3,82.4,94.6,66.1,114.5,122.2,114.4,99.9,109.6,130.3,142.7,129.7,99.6,103.3,90.1,99,147.4,107.5,120.4,127,119.7,162.1,100.1,181.2,120.4,115.8,159.8,142.7,182.8,169.3,173.6,125.5,163.2,171.1,127.5,150.9,141.8,145.2,128.2,107.5,155,156.3,146.9,129.1,160.3,143.9,161.9,128,159.8,137,139.7,129.7,166.3,146.1,127,119.3,138.4,171.9,123.3,128.1,111.5,202.1,185.1,84.9,206.3,191.9,193.1,127.2,167.1,181.2,117.5,184.5,160.5,143.1,190,108.5,104.7,114.2,229.6,251.4,153.7,98.5,217.4,161.1,139.6,180.4,133.3,98.2,229.8,196.6,168.2,178.4,172,130.5,100.6,204.7,100.1,165.7,119.9,158.7,152.8,213.2,165.4,306.8,217.4,120.3,145.6,218.9,290.9,166.7,193.3,191.9,164.9,215.7,335.8,186.1,141.1,225.2,216.3,260,231,180.4,191.3,182.8,143.3,179.2,215.3,195.5,214.6,284.6,222.5,318.4,254.6,382.2,233.9,243,243.4,327.5,311.9,184.6,295.6,192.5,,
,Iraq,0,119.2,35.1,68.1,98.6,100.5,44.6,36.9,46.8,32.2,0,0,133.3,0,73.5,85.5,100.3,139.2,77,114.7,0.2,0.4,234.1,216.9,175.7,175.2,0.1,127.1,0,0,0,109.2,102.3,0,324.7,0.1,214.3,208.3,110.3,227.9,337.5,119.7,208.8,208.8,0,333.8,413.9,214.9,477.4,412.4,320.4,230.1,0,178.5,81.9,502,494.7,102.5,0,438.9,295,250,207.3,172.8,230.6,236,229.6,231.4,0,0,0,0,0.1,0,0,0.1,0,0,0.1,0,0,0,0.1,0,0.1,0,0,0,0,0.1,0,1,0.1,0,1,0.1,0.1,32.4,40,0,0.1,0.1,0.2,0.1,0,0,0.1,0,0.1,0.3,0,0.1,0.1,0,0,0,0,0,0,0.1,0.1,0.2,0,0,0.1,0,0,0,0.1,0,0,0.1,0.2,0,0.1,0,0.1,0,0.1,0,0,0,0,0,0.1,0.1,0,0,0.1,0.4,0.1,0.2,0.2,0,0.1,0,0.1,0,0,0.1,0.1,0,0,0.1,0.1,0.4,0.1,0,0.1,0.1,0,0.1,0.1,0.1,0.1,0.3,0.1,0,0,0.1,0.1,0.1,0.1,0,0.1,0.1,0.3,0,0,0.5,0.1,0.1,0,0.2,0,0,0,1,0.1,0,,
,Indonesia,60.1,53.3,58.5,61.9,40.8,50.7,58.6,47.6,49.8,43.7,58.5,51,40.8,42.3,59.6,54.5,58.1,62.5,61.6,63,62.3,88.5,63.1,64.8,59.7,56.1,77.1,67.5,83.1,70.2,72.4,86.6,82.8,60,79.5,68.9,84.1,71.7,77.5,67.2,77,69,80.7,80,61.2,69.1,76,63.5,72.7,69.5,75.6,75.7,77.9,73.9,98.1,80.6,65.4,76.5,59.1,59.4,71.4,57.6,77.4,90.3,76.6,79.9,85.3,89.1,57,90.4,72.5,80.9,89.9,71.6,84.6,108.3,88.2,88.1,107.5,98.7,106.2,93.3,80.1,69.5,90.4,93.3,99.5,79.9,87.3,99.9,94.6,90.7,90.1,95.7,94.2,76.4,105.3,101,98.6,91.2,96.9,100.2,109.3,93.8,97.6,81.6,91.3,77.8,85.6,78.9,93.6,103.9,99.8,101.8,105.6,91.5,103.2,94.1,99.2,86.2,108.3,77.9,113.3,97.1,108.8,89.6,107.1,114.8,98.9,90,79.6,92,90.6,73,128.6,87.6,88.6,87,70.9,73.7,76.3,99.7,85.1,78.7,84,69.1,97.7,111.3,110.8,98,94.8,121.9,120.7,143.7,95.2,141.8,102.6,111.6,206,151.2,188.3,190.3,116,154.1,191.4,216.2,148.8,106,126,120.5,120.9,125.5,141.5,105.2,121.1,152.5,146.2,138,124,114.2,99.5,272.2,142.5,165.2,191.5,166.1,140.2,161.1,168.7,191.1,159.7,124.7,162.9,154.2,214.5,237.5,262.7,200.5,210.6,195.7,,
,Singapore,307.2,193.8,100.5,136.8,194.8,143.9,138.6,122.7,169.5,165.6,132.6,203.8,134.9,103.1,146.4,123.8,111.3,107.7,145.6,152.6,188.4,224,151.8,99.6,182.3,91.2,139.6,223.5,112.7,242.6,175.3,202.7,270.5,191.8,279.9,115.2,143.6,134.6,129.5,92.6,121.8,118.1,135.7,106.6,186.4,112.6,195.9,83.2,183.2,125.7,184.9,192.2,131.8,302.1,136.9,127.7,206.9,101.2,96.4,57.4,94.5,69.3,108.3,142.3,72.6,105.3,64,79.4,92.6,101.7,65,202,93.6,70.6,83.7,76.2,112.8,89.7,45.5,48.3,110.2,81.5,73.3,47.3,91.1,63.4,76.2,106.6,49.8,50.1,96.8,89.9,81.6,91.4,77.4,87.6,83.2,43.5,103.5,96.6,53.9,103.7,60.9,67.7,158.9,104,106.7,111.4,89.3,98.4,72.1,207.3,84.9,141.6,130.6,124.4,97.2,113.7,103.6,93,157.6,88.7,163.7,123.6,88,89.4,116.3,144.5,176.3,209.7,110.7,67.5,122.2,141.6,80.4,76.9,102.6,125.2,85.8,84.3,101.4,73.8,118.8,88.2,175.5,174.3,284.3,101.4,157.6,98.7,122.2,137.5,109.1,147.4,144.2,139.9,103.9,103.4,129.8,196.9,152,128.1,109.6,145.8,133.7,128.4,168.8,126.7,124.7,165.4,188.7,126.3,160.6,162,135.8,198.7,149.9,133.1,138.8,154.4,137.9,88.3,108.7,167,158.5,113.9,198.4,210.5,265.3,214,148.2,229.4,169.3,141.9,296.7,349.4,335.5,304.9,239.4,257.9,,
,Russian Federation,34.1,31.4,85.6,43.1,18,125.9,210.8,62.4,124.2,67.1,25.1,66.9,76.6,99.5,48.4,23,15,22.7,27.4,163.6,142.7,142.7,101,39.5,202.7,112.7,132.3,139.9,48,24.4,14.7,20.1,51.1,303.5,33.6,20.5,11.6,10.2,23.9,16.5,137.7,15.2,209,13.5,136.1,26,60.9,17.1,15.2,10.2,23.1,18.3,105.5,249.9,30.8,133.7,11.7,44.7,158.8,10.8,15.7,9,30.5,55.7,23.2,52.5,23.5,31.5,15.9,32.9,45.9,41.6,16.4,27.2,24.6,36.4,109.3,105.7,44.9,38,74.8,66,66.5,42.8,24.4,31.4,35.8,27.7,48.9,53.3,48.4,34.9,58.9,23.1,52.3,43,25.4,34.7,22.9,52.1,64.2,45.8,37.3,90.7,73.4,82.9,28.1,51.5,40.7,43,29.1,45.8,39.7,37.4,36.6,38.3,79.1,131.4,19.6,160.3,103.8,26.5,155.6,54.2,116.1,124.2,99.8,150.2,95,80.4,34.3,44.8,29,25.1,45.5,34,31.2,51.8,30.4,44.4,32.1,65.5,74,30,24.5,31.9,42.2,59,55.2,67.9,45.4,102,84.5,132.2,122.4,103.2,57.5,101.2,90.7,45.2,27.5,8.7,5.5,4.6,3.7,2.6,0.6,2.1,1.5,0.9,1.6,0.6,2.5,1.9,0.4,7.5,0.3,1.6,5.9,0.5,3,0.4,0.7,0.5,1.2,0.3,1.4,0.6,0.9,0.3,3.7,0.2,0.6,0.3,0.4,0.8,3.9,2,1.5,1.1,,
Export,All countries,29498.9,30266.2,33863,30543.7,28611.3,30082.4,30458.1,29033.1,30447.6,32092,31603.5,31601.7,30914.5,30897.3,34764.4,33318.3,34613.7,34337.8,32013.8,33754.2,33600.4,35018.3,35270.5,36348.9,35539,33250.7,39315.8,36595.5,37966.1,37569.2,36289,38762,40137.8,40005.9,40931.9,41222.4,37867.6,37650.5,41015.7,38432.6,40128.2,39235.3,35885.4,38003.9,37754.3,40116.1,38900.7,37648.2,37546.1,36747.3,41939.5,40708.4,40966.8,40383.5,37576.8,40592.8,41526.3,42125.9,40200.9,40203,39859.7,40616.1,46837.7,43141.9,46289.3,46376.1,43859.3,44037,45826.5,46684.2,43287.9,43812.9,40990.7,39852.4,45861.5,42634.7,43022.8,46980.5,43732.6,43474.2,45297.8,44829.1,43335.9,45301.1,43340.2,41214.9,44253.6,40964.7,41907.5,43159.4,40410.4,43873.8,44683.3,45306.3,46969.9,46216.9,45157.5,42403.5,49995.9,45766.4,50397.8,48342.5,41598.8,43689,43732.8,45864.6,47035.2,46540.8,45123.3,42665.7,50232.5,48650.4,51630.4,52998.2,49445.2,50514,49618.3,51910.3,47821.9,45554.7,46960.8,44163.5,52688.1,50342.2,55082.3,50841.6,48277.2,49457.6,49332.4,50340.7,48564.6,49548.4,45783.8,43760.8,46816.1,31170.4,34770,42699.4,44094.6,44201.3,46339.8,47510.2,47183.3,48146.4,48929.3,46204.2,54308,49709.6,51368.7,55065.7,52708.2,53827.4,52731.9,57019,58703.8,57999.7,55758.7,56016.2,69882.1,64609.6,74279.5,71830.7,65640.6,65488.6,65137.8,66440.7,64313.7,64301.6,64845.8,58495.5,68731.4,62666.1,65807.2,62548.5,59639.4,65119.8,65390.8,68754.2,65550.4,62391.7,60369.6,61800,65705,65143.5,65651.2,66682.2,64684.2,62892.1,63234.6,67721.6,65763.5,69336.6,72700.7,64634.9,71346.1,58708.9,61992.7,62605.9,61547.8,58840,,
,United States,22044.9,22398.1,24503,22298,20322.4,22106.1,22005.1,22041.1,22539.8,23630.6,23077,23804.6,23398,22950.4,25961.1,24664.8,25536.6,25767.3,23405.1,25247.7,24287,24678.7,24655.2,25225.3,26152.1,24360.2,28629.2,27161.6,27701.6,27098.6,25783.5,27591.4,28515.9,28927.9,28826.2,29247.8,28288.1,27740.8,29869.1,27781.4,28925.5,28756.8,25702.9,28293,27429.2,28663.8,28962.5,27030.5,28208.3,27248.3,30647.5,30597.6,30060.2,30115.3,28343.3,31020.2,31076,31382.6,29653.7,29975.9,30966.9,31373.2,35670.3,33311.8,35026,34792.3,32889.2,33502.4,34592.4,35097.3,32537.4,32482.9,31244.4,29995.2,34336.8,32441.4,32414.2,36367.6,33285.5,33630.1,34428,33381.8,32416.8,33505.8,33262.3,31400.1,33011.6,30764,32441.7,33197.8,30673,33261.6,33144.6,33872.5,34433,33373.7,34281.9,32141.2,36481.6,34502.1,37726.1,36192.1,30994.6,33045.8,31923.8,34324,35411.8,34039.2,34143.9,32040,36791.2,36488.4,38691.9,39143.1,37025,38060.2,36656.8,38594.7,34271.2,32341.8,34450.2,33589.9,39650.6,38047.5,40784.3,38249.5,36123.6,37511.6,37317.7,38304.6,35569.1,36257.5,34017.3,32718.2,33734,20317,22748.3,30737.7,32370.1,33372,33890.3,34684.5,33132.1,33664.1,35398.7,34832.5,39734.9,36831.8,38108.9,40923.9,40040.7,40569.7,39605.3,42791.6,44984.2,43688.2,43220.3,42242.8,54284.5,50789.4,55475.5,55217.2,50222.4,50492.1,48901.6,49619.3,46884.2,47495.8,48986.2,44189.2,51758.5,48036.1,51216.6,49106.8,47269.8,51673.3,50971.2,53086.3,50396.8,46163.3,46808.9,46424.8,49491.6,49680.1,51697.2,50548.3,50748.1,47334.8,47688.8,49584.5,49492.3,52016,57040.5,51340.6,52721.6,40929.3,42711.7,44047.9,45686.9,43000.1,,
,European Union 7,2675.3,2559.8,3176.7,2538.9,2612.5,2312.8,2550.6,2035,2813.8,2974,2982.6,2438,2629.5,2656.8,2905.2,2546.7,3157.8,2544,3081.9,3169.7,3236,3556.2,3952.7,3773.4,3499.8,2848.5,3426.4,2948.9,3409.3,3343.2,3694.5,4000.9,3988.7,3474.9,4159.3,3838.2,3294.5,3469.7,3603.7,3577,3615.9,3369.2,3429.3,3471.3,3511.9,3823.1,3102.2,3135.2,3306.2,3258.2,3262.2,3055.3,2878.8,3004.2,2636.9,2550,3052.6,3257.5,2912.6,2847.7,2540.5,2912.1,3491.6,2685,3460,3680.7,3739.5,3532.2,3764.1,4002.2,3057.9,3633.1,3326.6,3095.8,3490.5,3035,3199.4,3332.1,3295.3,2669.4,3321.4,3711.9,3248.9,3536.8,3244.1,3217.2,3912.1,3416.8,2779.9,3100.9,3339.1,3470.7,3917.9,3584.2,3823.1,4156.5,3204.5,3501.3,4109.3,3315.8,4158.2,3990.4,3299.2,3581.2,3911.6,3602.3,3446,3699.5,3809.6,3459.1,4301.8,3779.6,3478,3974,4113,4147.4,3944.2,3673,4138.3,3540.5,4100.1,3485.4,4281.7,4015.6,3802.5,3918.3,3851.8,4033.3,4058.8,4176.5,4798.7,4656.2,4074,3875.8,4102.4,3109.9,3175.1,4012.4,3736.2,3758.1,4419.8,4497.1,5842.7,5330.6,2345.7,1942.5,2693.9,2472,2612.6,2751.3,2350.1,2809.2,2735.9,2664.3,2676.8,3152.8,2437.2,2674.1,3102.8,2699.9,3183.2,3119.9,2624,3307.5,3261.6,3194.9,3363.7,3590.9,2829.4,2668.7,2974,2886.5,3181.3,2932.8,2546.7,2766.1,2942.7,3069,2813.4,2998.8,2494.4,2584.9,2747.6,2744.9,2291.7,2911.7,2949.6,2812.4,3062,3502.6,3043.8,3516.8,3130.4,2637.7,3648.5,3237.4,3559.5,3584.6,3249.1,3165.9,,
,China,828,946,1223.9,1029.9,1127.6,1110.5,1143,948.5,732.5,908.6,885.5,898.7,728.9,959.2,1114.8,1161.9,1018.8,1161.2,1123.3,991.3,1099.2,1289.6,1607.4,1891.6,1055.9,1110.9,1451.1,1129.4,1510.6,1642.3,1384.1,1511.5,1660.1,1714.8,1908.3,2054.1,1392.2,1348.2,1782.8,1625.8,1905.3,1722.3,1607.6,1477.5,1578.1,2192.3,1666.7,2069.2,1577.4,1736.9,2083.3,1703.2,1949,1661.5,1461.9,1580.5,1784.3,2214.2,2206.4,2072.3,1382.5,1389.6,1797.6,1715.8,1903.2,1802.4,1643.7,1691,1694.6,1881.6,1658.7,1905.9,1385.6,1543.2,1836.8,1977.2,1762.6,1817.8,1816.4,1768.6,1690.2,1897.2,1927.5,1995.6,1715.9,1745.9,1902.2,1660.6,1717.5,1734.3,1718.5,1863.9,1657.7,1984.1,2218.7,2427.1,2156,1800.4,2502.5,2015.6,1983.2,1999.6,1944.1,1816,2029.8,2089.6,2291.7,2363.4,1648.1,1809.4,2346,2259.7,2393.6,2269.9,2221.6,2120.1,2720.6,2998.3,2872,3205.8,1883.6,1832.3,2247.8,2131.4,2274.7,2180.9,1710.9,1948.1,2001.8,1742.3,1804.8,2398.2,1723.5,1515.2,1932.5,2077.9,2580.6,2576.5,2135.4,2110.6,2328.3,2313.8,2196.6,2708.9,2230,1940.1,2765.7,2380.1,2667.5,2774.3,1963.8,2164.7,2284.5,2864.4,2373.6,2276,1808.1,1770.3,2339.5,2019,2162.5,2485.7,1976.6,2282.8,2673.4,3647.5,3296.1,2827.4,2676.3,2607.6,3208.5,2323.6,2733.9,1938.9,2065.1,2146.4,2661.2,2834,2958.2,2876.9,2019.5,2221.3,2687.4,2169.4,2564.4,2800.5,2351.3,2484.1,2616.8,3102.5,2776.6,2568.6,2716.1,2433.7,3055.5,2816.1,2352.4,2823,2350,2389.8,,
,United Kingdom,1040.2,950.3,1413.7,904.9,1178.8,895.9,911.9,752.9,1316.2,1324.8,1323.2,871.3,1280.3,1194.3,1490.7,985.5,1365.5,977.4,1383,1546.3,1470,1601.9,1979,1697.8,1547.5,1281.2,1488.7,1206.1,1532.2,1596.7,1652.1,2010.7,1891,1323.7,1977.4,1872.9,1635.7,1886.5,1751.9,1692.7,1712.9,1590.9,1633.8,1718.4,1815.4,1814.6,1228,1399,1774.4,1871.1,1427.8,1416,989.8,1458,916.5,779.8,1295.4,802.6,1159.2,948.2,838.4,1230.8,1460.3,741.1,1001.5,1488.7,1805.4,1372.6,1629.3,1812.1,1023.7,1476.1,1833.5,1286.7,1422.3,1323.8,982,1598.7,1553.1,1042.2,1117.9,1611.9,1399.9,1341.2,1345.9,1447.4,1858.3,1585.9,867.6,1156.2,1499.9,1872.8,2044.4,1570.4,1345.2,1376.3,1360.3,1586.7,1652,1434.7,2122.1,1634.8,1344.3,1700.4,1753,1490.1,1255,1418.8,1942.5,1103.6,1671.6,1432.9,1370.4,1250.1,1736.3,1146.7,1265.9,1152,1637.1,1372.5,2107.5,1332.5,1778.2,1773.8,1231,1445.2,1390.6,1520.1,1854.3,1872.7,2259.1,1695.1,1951.9,1535,1508.1,1176.6,1091.5,1910.8,1594.3,1474.3,1714.4,1932.7,2870.8,2477.5,2141.6,1682.1,1621.7,1417.6,1204.9,1267.3,1934.7,1350.1,1709,1489.5,1432.3,1833.8,1679,2324.3,1974.7,1196.5,4479,2332.9,1861.8,1695.8,1854,1136.9,2072.8,1481.7,1721.7,1272.2,1832.5,1020,816.2,1021.6,1212,1314.7,1112.6,1269.6,1453.4,2178.5,1692.9,2379.7,2263.6,2702.4,1325,3024.4,1931,3204.3,2408.9,3083.6,2985.6,2536.2,2755.2,1950.3,3782.9,4135.6,5329.5,4270.3,3042,3542,,
,Mexico,498.1,447.5,557.2,527.8,515.2,549,627.7,492,567.4,627.1,565.3,485.5,516.9,552.5,607.7,536.9,525.2,567.1,499,548.8,630.7,622.4,502.7,572.8,406.1,606.3,621.7,512.7,569,575.3,632.2,701,659.1,800.1,674.9,510.5,545,598.2,556.3,541.4,527.2,581.6,522.7,562.3,644.7,695.7,622.8,521.3,517.1,506.8,612.1,538.7,619.9,570.9,503.2,495.7,602.7,652,533,484.5,537.4,486,523,523.6,564.8,583.9,534.2,499.2,580.5,588.8,747.8,574.1,550.5,573.2,685.7,578.2,674.4,672,686.6,679.8,708.1,682.4,684.2,654.5,602.5,669.2,734.2,718.5,738.8,738.9,676.9,785.8,889.9,773.5,833.8,734.2,664.5,712.2,942.5,721.9,743.7,768.3,715,766.3,757,903.3,796,691.4,681.5,640.4,765.8,799.8,795.2,917.8,716.6,803.2,889.5,823.3,808.3,644.3,719.2,574,724.3,624.2,732.3,663.8,700,706.4,653.2,619.4,671.1,588.6,619.8,560.8,630.6,327.7,365.3,532.3,541.7,523,650,637.2,707.4,592.6,736.9,613.5,881,692,749.9,770.2,832,622.1,664.9,792.3,788.8,735.1,850.9,707,837.6,836.9,732.6,855,760.9,709,843.4,892.1,929.5,948.3,777.1,774.4,881.2,709.9,882.5,801.4,743.1,851,887.5,825.7,824.1,616.5,742.9,792,799.1,894.9,811.1,686.6,937.5,778.4,687.7,817.9,782.7,718.3,695.4,752.5,867.3,793.5,727.2,741.8,740.7,774,,
,Japan,741.8,734.1,898.7,815.6,668.6,751.2,749.3,648.4,652.6,795.3,757.1,623.2,680.4,698.9,719.4,695.3,872.3,965.1,815.3,816.3,747,966.5,923.7,851.7,854.4,891.9,887.6,866.6,1038.2,817.8,947.9,1030.7,1069,899.9,996.1,985.4,670.1,904.8,984.4,980.6,838.8,1102.7,924.6,738,1112.1,840.8,914.6,787.8,757.4,827.5,1131.9,882.5,974.4,933.7,874.2,892.3,957.3,869.5,831.7,976.4,699.3,844.7,980.6,926.2,958,1073.9,1006.6,884.7,1040,1005.8,779.5,850.7,782.4,659,1021.5,731.7,791.7,946.7,814.3,818.4,905.1,763.4,969.2,927.6,770.7,909.8,982.6,877.5,831.5,883.5,837.6,942.3,943.5,924.7,1102.8,1030.1,938.9,932.1,1148.8,935.2,1255.7,1088.9,842.4,1060.2,945.2,966.3,949.8,1173.3,986.8,864.6,1335.6,882.3,1184.7,1357.3,909.2,1011,1089.4,1251,1189,1114.8,1022.5,805.4,1163.1,836.4,1261,1093.3,1060.2,1128.6,1093.8,1035.7,1118.1,1214.8,1025.9,870.7,1199.3,1074.6,1166.8,923.4,1068.7,891.7,1039.6,1053.4,1153.8,1052,1034.4,1096.8,1100.5,1112.9,1168.3,1303.3,1414.1,1383.9,1335,1309.4,1260,1203.6,1348.3,1364.4,1630,1405.9,1810.4,1662.8,1693,1364.9,1602.9,1658.4,1291.4,1406,1423.1,1401.1,1673.7,1293.5,1406.2,1377.8,1060.5,1368.1,1173.5,1200.3,1345.8,1261.7,1263.5,1227.5,1402.1,1525.6,1149.5,1186.9,1010.2,1139.5,1382.1,1236.3,1171.4,1412,1294.9,1151.8,1409.3,1240.4,1311.3,1102.3,1226.2,1069.4,,
,South Korea,313.2,283.5,375.7,431.4,242,318.7,310.4,281.1,373.6,321.8,236,284.8,290.1,305.7,277,367.1,433.3,304.3,343.2,225.4,395.4,374.1,271.1,357.3,401.2,324.2,567.6,458.8,467.2,455.6,566.6,431,411.1,450.2,485.6,437.9,308.9,324.8,313.9,349.3,337.3,283.8,411.8,324.6,302.9,384.9,330.1,291.1,228.5,302.6,339.3,231.5,330.6,355.6,263.1,310.2,343.1,258.6,277.3,423.8,263.9,314.3,412,375.2,466,460.1,352.2,440.4,349.8,325.6,290.6,289.1,287.4,352.9,327.6,462,297.1,371.9,374.3,358.9,330.8,275.9,384.9,381.1,362.7,285.3,379.4,348.8,353.3,441.6,334.9,426.8,368.8,339.5,476.4,517.1,578.3,252.6,529.1,539.8,503.5,463.3,392.8,444.6,438.4,501.5,417.1,543.9,415.9,446.3,670.8,497.3,493,478.1,385.2,551.3,534.3,521,488.1,574.8,504.4,516.7,447.7,447.7,610,522.9,400,430.1,474.1,521.1,394.4,415.1,326.6,444.5,381.3,410.6,452.5,414.8,371.9,340,389.4,362.1,376.7,512.4,410.3,367.4,659.7,524.8,582.5,546.3,482.7,625.8,498.2,638.9,764.1,343.1,717.1,697.7,956.7,802.3,851.8,773.9,1031,584.3,484.9,725.3,559.4,632.8,562.2,542.5,592.7,783,643.3,559.5,382.9,489.4,608,626.8,628.2,636.3,750,698.3,632.2,585.5,595.4,622,739.1,611.1,553.3,654.9,591.4,678.8,481.2,589.5,779,583.3,619.8,661.2,554,505.7,,
,Hong Kong,159.3,130.3,165.7,124.7,137.9,149.5,196,92.3,113.3,121.4,125.8,163,144.4,121,155.2,183.9,138.2,183.7,152.4,173.6,153,181.6,167.5,230.2,314.5,271.9,285.3,159.3,149.2,205,239.3,175.2,145.9,189.5,421.2,360.4,128.8,146.8,580,195.1,209.7,208,141.4,147.4,112.3,248.2,252.3,183.1,118.3,193.5,370.2,232.5,456.2,471.2,584.5,652.8,422.5,336.8,260.3,452.1,476.7,399,739.5,229.3,258.7,262.7,185.1,134.6,399.4,251.4,600.5,686.2,442.8,464.2,548.9,299.8,208.4,188.2,279.8,313.1,358.9,163,255.7,502.2,248.1,146.6,264.9,157.9,219.4,158.1,154.9,140.9,163.8,176.2,298,248.9,144.4,131.9,187.3,144.4,332.6,157.3,141.6,129.3,185.5,135.2,205,413.4,288.3,214.5,174.8,295,693.4,376.6,395.6,344.3,184.5,453.7,411.2,202.7,422.3,367.7,211.9,478.7,872.7,159.1,399,146.6,140.3,223.2,482.9,189.4,476.9,111.5,115.6,131.3,135,124.9,116.4,109.1,135.7,150.6,136.6,180.7,353.4,118.2,549.3,177.4,215.9,574.6,193.1,336.5,213.7,422.6,337.7,112,318.5,95.3,116.5,192.6,143.7,111.3,844.3,285.4,456.8,126.8,392.3,349.8,380,349.3,129.3,541,389.6,117,462.6,492.6,888,373.4,382,477.5,649.6,627.2,563,91.4,218,229.3,97.5,204,93.4,534.1,201,161.6,207.5,101.5,366,320.8,181,383.9,299.2,488.3,,
,Brazil,68.4,86.9,112.7,113.8,165,141,172,215.6,146.3,106.7,217.7,152,120.4,273.7,320.6,214.1,208.1,278.5,226.5,230,215.3,245.9,174.3,215.9,185.6,203,240.2,215.7,285.3,381.1,229.1,306,387.6,271,253.9,232.5,168,248.4,258.8,299.6,346,191,259.1,241.9,250.9,229.4,142,213.5,198.8,169.7,283.2,319.3,208.5,146.7,254,198.9,190.5,209.7,219.8,190,167.7,214.2,229.1,222.4,197.2,178.6,188.6,154.7,192.1,236.5,139.7,136.8,195.5,140.7,190.8,231.6,181.5,248.9,239.2,186.6,168.5,238.7,110.5,108.5,218.3,111.7,242.9,161.8,134.5,146.4,185.9,231.5,245.4,93.1,137.7,150.5,155.7,83.6,145.1,146.5,172.7,162.4,182.6,100.2,229.2,121.3,124.9,145.6,107.5,221.6,140.1,175.4,314.2,169.1,192.9,220.5,218.6,130.3,161.4,186.3,132.9,150.9,241,147.8,303.2,321.5,264.1,159.8,132.3,134.1,138.7,96.6,153,150.1,189.7,205.6,202.9,301.5,166.3,161.2,138.4,134,162.4,175.9,132.9,127.3,156.6,143.7,228.8,223.3,193.7,230.2,181.8,224.6,171.3,253.8,137.3,255.7,424.4,307.2,607.8,476.6,432.9,460,245,222.3,252,185.9,281.2,424.9,557.1,386.8,331.6,398.6,284.5,350.8,243.7,286.1,230.3,244.7,143.3,185.3,243.7,230.9,216.7,250.6,253.1,224.3,212.3,175.1,160.5,163.1,181.3,203.4,210,324.3,300.1,312.3,350.5,288.3,,
,Algeria,31.6,67.8,16.5,49.2,17.9,31.2,22.8,10.3,29.9,20.3,30.2,39.5,26.4,29.4,34.9,43.5,28.3,31.2,15.6,30.6,20.5,24.4,12.1,11.3,8.8,11.6,15.4,28,13,18.1,27.8,17.6,31.9,20.4,86.4,7.1,77.5,8.6,6.4,44,97.9,13.2,6.2,19.3,11.6,77.2,51.8,44.6,11.2,27.9,37.9,70,52.8,19.8,9,9.8,33,24.8,22.9,34.9,21.1,16.9,24.9,16.9,61.7,24.9,69.4,82.1,14.2,29.4,43.5,36.7,28.6,124.1,99.9,37.3,29.5,59.5,10.8,5.8,17.7,66.4,43.6,85.7,147.8,49.1,51,50,15.5,6.3,24.8,52.2,41.5,33.8,37.1,67,66.3,80.5,54.2,79.1,55.7,90.6,20.5,13.8,33.9,83.6,68.9,46.3,80.6,32.5,83.2,38.4,38,17.4,61,27.7,12.7,43.6,29.4,39.4,36.7,10.8,116.1,158.4,27,100.9,43.8,29.7,21,30,52.2,55.5,24.4,25.3,58.2,52.3,53.3,23.8,53.4,33.8,46.2,74.9,81.5,102.9,90.8,91.9,93.1,143.6,71.5,78.9,116.7,48.9,68.1,100.3,114.2,75.9,76.2,103.9,81.3,219.2,119.2,70.2,48.3,42.8,41.3,99.6,194.9,141.6,199.3,79.6,78.6,149.5,93.8,107.7,42.1,9.5,63.1,114.3,227.8,145.4,173.9,140.2,171.7,92.7,97,59.1,58.5,72.9,50.8,134.6,128.9,193.4,142.1,112.9,118.9,265.5,152.6,56.9,124.6,15.8,,
,Norway,153.9,86.6,66,160.2,246.7,123.1,169.9,138.4,241,120.2,269.6,129,134.7,275.5,245,245.6,297.4,137.9,97.3,220.5,256.9,347.5,165.5,296.2,222.8,213.2,269.9,399.8,281.7,111.5,204.8,254.6,298.2,291.9,179.2,229.8,230.6,214.1,279.8,133.6,247,185.1,255.1,217.8,191.5,224.6,184.7,243.1,163.7,235.2,175.9,181.6,143.3,231.9,116.1,211.7,150.2,207.3,182.5,202.1,141.1,107.6,276.6,207.3,281.6,223.7,211.4,89,264.7,111.3,213.9,214.1,217.1,126.9,194.2,248.2,185.4,101.2,38.8,155,145.3,182.1,165.6,175.8,86,85.9,126.1,125.4,145.2,96.6,72.1,169.9,177.7,152,230.3,117.6,127.1,136.6,247.8,193.4,102.7,165.6,171.9,119.8,161.6,195,224.5,193.9,261.9,212,236.8,200.9,130,180.7,226.5,125.3,252.1,268.1,130.6,228.7,115.8,113.5,156.6,228.7,244.2,189.7,212.3,221.2,122,175.6,209.5,188.1,270.2,162.6,104.7,135.2,119.1,189.5,100.5,213.3,447.8,250.8,323.9,265.3,294.1,172.1,219.7,394.7,235.1,318,268.9,349,218.4,50.4,299.5,343.8,306.5,363.1,358.3,503.4,322.8,301.7,166.4,333.2,344.5,368.9,225,334.5,428.6,282.5,389.4,194.9,182.6,252.4,154.1,248.3,155.1,256.9,198.1,326.7,172.1,120.3,243.1,282.9,275.2,127.6,231.9,127.1,145.1,291.2,26.9,260.8,156.6,186.6,295.4,230.6,154.5,147.3,31.4,145.1,,
,India,112.6,143.9,231.8,123.6,125,158.6,209.4,213.1,245.7,295.9,274.9,162.3,145,103.3,197.6,144.1,236.4,195.1,171.2,148.7,212.1,213,228.9,162.4,156.3,199.9,212.1,200.2,147.4,207.6,140.4,237.3,404.6,291.3,286,322.3,154.6,162.5,165.4,208.5,231.8,308.7,296.8,186.5,305.3,164.4,129.9,204,159.3,156.4,275.8,258.1,360,327.3,239.7,209.1,217.3,292.2,262.8,206.8,190.1,168.3,238.7,164.2,372.3,314.9,342.2,415.7,277.5,341.6,305.3,246.3,223.7,195.8,287.8,169.1,338.5,352.6,468.9,442,622,562.3,536.6,267.4,262.5,277.5,249.7,194.5,330.1,271.2,179.4,288.1,538.1,594.4,541.7,333,304.9,285,656.4,379.6,556.2,346.1,420.6,230,397.5,262.7,315.2,309.6,237.6,336,294.5,326.2,373,453.8,304.1,423.7,433.7,467.4,388.8,354.7,426.7,363.6,569.8,443.5,533.1,436.8,473.3,402.6,300.7,352.1,395,227.9,269.1,401,463,200.3,226.9,357.7,294.6,335.2,331.6,312.6,353.9,217.3,153.3,173.7,209.1,228.3,219.5,251,312.7,266,350.9,296.1,238.9,352.1,204.9,429.7,505.3,541.6,398.1,345.6,300.5,435.2,502.5,522.4,478.1,798.3,292.9,254.7,474.8,569.7,522.5,425.3,336.6,306.6,455.6,504,473.3,607,466,496.8,408.4,306.6,460.7,634.9,314.8,318,508.2,565.4,459.9,434.3,223.7,284.2,284.7,299.8,355.8,255.8,277.2,273.4,,
,Switzerland,83.1,117.3,83.1,106.1,69.4,43.6,240.9,131.5,33.7,176.9,68.6,94.3,198.5,31.2,40.6,183.1,74.6,35,159.3,88.7,111,85.5,105.8,208.7,175.7,96.4,76.7,30.5,49.3,96.1,42.1,131.6,44.2,166.6,47.7,72.1,45.6,30.4,42.9,35.3,125.6,58.9,53.2,67.4,33,37.7,52.2,196.4,38.4,102,279.5,98.8,142.3,146.6,102.2,243.4,228.3,105.7,120.7,133.3,131.9,55.5,125.5,175.6,136.6,198,46,47.8,63.7,213.7,360.3,119.5,53.6,61.5,178.9,50.2,350,62.5,158.9,39.6,43.4,43.2,41.2,143,148.1,45.8,50.1,46.1,49.7,113.7,41.3,137.5,73.6,115.1,162.2,398.4,82.7,153.5,312.2,173.5,218.5,148.2,197.4,170,90.8,245.1,239,136.6,96.3,69.5,231.4,152.9,234,231.9,141.5,187,153.5,116,150,157.1,151.6,65.8,73.8,52.6,165.9,92.5,169.5,164.2,117,127,127.8,157.7,135.7,552.5,1124,767.7,921.8,168.8,209.8,138.4,177.2,180.9,131.2,374.2,294.5,278.7,194.8,290.1,299.2,275.8,244.7,334.8,206.8,222.7,281.7,275.7,180.8,232.7,270.3,284.5,242.4,353.2,220.3,545.6,520.8,377.5,309.1,458.8,566.7,498.1,342,345.2,192.6,417.5,386.8,380.5,352.2,715.9,379.2,289,200.3,1238.7,584,500.4,704.6,456.6,261.1,537,368.8,371.6,464,586.4,90.8,50.1,49.6,156.7,244.8,144.8,156,179.8,,
,Saudi Arabia,120.8,146.2,110.4,84.1,213.4,102.9,96.4,50.3,73.1,117.9,147.5,109.1,139,63.1,64.6,63,98.9,81.1,121.7,109.9,78.2,181,144.9,188.8,90.9,90.5,123.5,96.2,106.4,92.9,106.1,119.8,113.2,117.6,83,99,200.5,123.1,141.8,105.5,157,146.6,148.2,110.6,100.6,181.7,97.3,163.3,69.8,92.5,76.7,77.2,123.7,145.7,99.2,71.2,108.8,95.9,87,83.7,81.8,76.3,160.6,94.8,114.3,156.1,165,108.5,142.5,123.1,86.6,143.1,76.1,84.4,64.6,97.7,127.3,117,65.8,164.5,95.5,111.9,134.1,137.4,86.3,93.4,102.2,139.9,116.2,126.6,65.8,110.7,99.4,293.2,51.3,83.2,266.6,149.3,91.8,183.3,107.8,211.2,91.3,82.7,81.5,98.1,115.7,75.4,134.6,67.1,351.9,70.6,382,363,213.4,50.8,42.3,37.7,56.3,173.3,411.7,38.4,216.7,41.6,513.6,248.5,44.7,134,404.2,297.9,305.7,231.8,271.3,194.9,40.4,148.9,40,61.4,383.2,131.7,181.5,61.3,38.1,51.2,542.5,266.1,273.5,208.4,197.6,204.5,126,42.8,121.5,96.2,119.6,35.2,127.7,118,107.4,126,52.3,42.7,87.3,169,173.7,172.9,43.6,80.7,172.6,209.1,180.1,318.6,47,303.4,42.9,70.9,211.4,497.2,86.1,67,201.8,47.4,328.2,433.1,129.9,61.7,52.8,176.1,339.5,111.6,60.3,107.5,51.6,83.5,84.8,66.5,160.8,268,117.1,86.5,,
,Türkiye,36.5,98.3,75.5,49,101.5,64.9,37,70.8,80.9,138.3,99,100.1,45.4,138.9,78.5,72.8,67.8,69.7,30.8,34.3,90.6,105.8,102.5,61.9,81.2,79.8,90.5,206.1,60.1,146.6,62.2,88,159.8,123.8,121.7,131.3,55.9,122.4,44,138.9,56.3,69.8,43.9,77.3,38.2,52,69.1,121.5,77.2,82.7,99.4,72.7,57.7,27.8,62.2,40.1,119.4,83,94.9,88.5,107.1,102.1,48.5,63.5,59.9,38.9,76.7,119.7,133.3,100.9,145.5,125.4,39.9,83.2,129.2,61.5,59.1,76.1,49,44.1,195.9,112.2,161.2,137.1,139.7,105.5,66.5,73.7,44,53.6,64.5,79.9,133.6,168.1,146.3,129.1,61.5,66.9,74.4,63.9,108.2,164.6,50.6,102.7,128.8,149.4,135.5,202.7,98,113.3,111.6,106.4,60,168.4,129.9,119.1,94.5,65,141.1,160.6,167.7,158.7,113.1,86,174.4,46.5,173.4,127.6,137.8,137.9,210.7,113.5,111.8,98,102.2,104,166.2,93.2,100.9,79.1,107.9,104,72.7,101.6,94.5,51.6,133.4,64.8,23.6,55.8,124.7,91.9,120.3,146.8,100,165.3,88.7,58.7,78.2,115.7,303,114.7,44.3,79.3,128.1,96.1,116,80.7,182.3,189.4,107.2,198.6,115.2,45.4,29.6,43,77.1,65.9,73.8,116.9,75.4,83.1,133,58.1,54.9,62.5,102,51.6,173,145.9,116,194.4,88.8,55.6,74.2,96.7,68.3,199.4,44.4,44.6,,
,Taiwan,66,83.7,111.2,112.8,114.3,85.2,105.2,85.6,115.1,86.9,94.6,121.6,97.1,78.1,93.9,133.4,124.5,102.6,122.8,88.6,165.7,138.1,138.6,121.3,174.4,176.9,142.1,209,119.9,118.3,163.4,209.9,144,147.4,146.9,163.9,124.8,130.9,111.6,135.7,127.2,141.3,151.7,125.4,140.1,113.2,131.5,117.6,128.9,116.3,157.6,117.1,185.4,122.2,154.5,128,135.4,107.9,106.5,145,105.3,129.9,68,155.9,123.7,133.1,146.4,114.6,125.5,139.6,130.5,104,106.9,146.9,163.8,130.4,141.6,99,127.3,162.7,100.5,144,115.8,104.8,137.6,115.5,143.3,96.7,132.4,130.6,122.8,140.5,127.8,160.9,161,203.7,117.7,179.3,146.9,152.6,169.2,161.4,128.9,134.4,147.2,140.9,174.5,141.8,114.3,183.7,194.8,143.1,180.1,202.4,204.7,164.5,154.1,163.8,190.1,177.5,142.6,183.4,189.8,169.3,158.9,162.3,245.4,160.2,162.7,158.7,131,227.3,119.6,105.9,174.3,140,199.8,139.6,116.7,133.8,141.4,149.5,163.9,243,213.9,167.8,295.8,192.8,330.6,163.7,135.8,217.9,206.1,261.7,143.5,170.2,179.1,296.8,222.1,319.2,209.1,276.7,242.5,226.4,128.4,145,176.2,209.9,182.5,143.9,218.3,202.5,167.8,179.4,131,203.2,160.4,178.3,133,148.4,184.6,143.7,180.9,161.5,179,161.6,140.6,192.2,195.4,138.9,199.1,198.9,173.2,137.8,209.9,158.5,167.7,146.5,144.8,171.7,,
,Peru,34.4,29.8,58.6,44.3,29.9,19.1,61.1,32.3,22.2,40.7,40.9,31.8,42.6,36.5,42.2,50.7,31.6,48.8,41.4,22,51.7,32.4,52.3,39.2,35.6,46.8,43.5,53.9,43.9,51.1,45.1,46.7,59.5,49.5,45,51.2,56.8,26,64.1,38,58.2,38.1,58.1,39.5,55.9,56.1,60.5,41,43.9,52.5,71.7,49,56.5,69.9,45.2,41.2,48.7,40.8,80.8,35.5,61.3,78.8,72.1,84.2,65,89.3,76,80.3,29.2,74.8,53.5,51.3,52.1,85.8,31.3,76,52.2,77.4,65.8,72.2,67.6,83,55.1,118.7,103,89.3,86.3,46.5,59,72.8,71.1,34,41.8,72.5,56.5,48.9,50.6,27.9,105.1,67.4,78.4,73,40.2,64.4,44.4,82.3,46,49.3,55.7,51.8,70.3,42.7,86.2,64.5,54.6,86.1,67.1,97,56.4,36.9,71.5,37.7,65.4,50.5,68.3,96,76.3,56.1,43.8,102,41.7,71.3,49.2,48.5,72.5,74.3,140.2,54.3,79.9,104,55.4,63.2,91.1,92.9,47.4,95.6,131.6,67.7,69.3,123.9,117.2,132.7,102.2,49.4,92,75.3,86.9,101.5,130.4,28.8,188.5,248,100.9,172.3,99.2,192,105.5,89.3,180.5,96.3,157.5,90.9,121.2,94.8,166.7,24.1,102.1,146.9,70.7,134.2,121.7,190.6,101.6,166.7,157.9,164.2,94.5,107.3,38.4,179.2,169.6,174.3,186,96.8,204.5,193.8,92.4,75.7,149.9,59.9,,
,Australia,133,195.7,123.6,99.5,159.5,120.7,177.8,137,170.7,156.5,167.4,191.9,185.2,184.5,156.1,153,115.9,230.4,133.7,143.6,137.6,118.5,135.1,151.7,155.2,116.2,191.8,124.2,155,157.2,190,240.6,153.2,150.9,201.4,175.1,266.8,165.5,167.3,146.1,177.3,164.6,232.7,180.7,159.5,140.5,181.2,147.1,144.4,130.7,131,125.4,130.5,128.1,178.4,150.5,193.6,124.4,137.8,130.8,115.7,135.5,119.1,145.3,144.6,160.4,182.1,165.8,155.1,186.2,132.3,152.5,124.3,137.9,143.7,148.3,174.6,147.3,170.9,138.5,141.9,251.8,149.4,177.5,132.2,121.9,185.2,207,150.7,157.7,169.4,138.6,203.8,161.7,153,152.5,145.4,133.8,205.4,146.3,195.4,205.2,139.8,149.5,175.4,160.7,173.2,188.3,147.1,140.2,164.1,137.8,168.3,234.6,166.2,172.4,178.4,181.6,151.8,173.5,148.5,184,176.3,161.5,237.2,263.9,180.7,175.9,173.9,173.9,178.3,208,135.5,239.1,205.1,165.8,183.5,175.7,194.4,169.3,155.3,172.4,188.8,157.5,133.3,132,264.4,210.3,188.3,175.8,159.6,188.6,194.4,234.7,171.7,297.3,205.3,171.3,158.1,216.5,268.6,556.3,397,200.1,266.5,258.4,282,207.6,236.9,202,349.4,189.6,352.7,279,240.5,250.3,219.7,270.1,227.3,345.9,210.9,195.1,258.9,218.9,213.2,315.5,228.4,375.3,281,256.4,277.6,311.5,226.4,199.9,348.9,250.2,319.9,351.5,217.5,253,,
,Iraq,44,20.4,65.1,67.2,21.6,9.3,36.8,117.1,68.9,5.3,11.1,7.5,2.7,5.6,4.2,25.9,68.3,42.9,43.4,23.5,12.6,6.8,2.4,4.5,3.8,6.4,3.4,3.3,3.5,7.4,72.5,4.7,11.9,4,46.6,24.3,55.1,4.1,53.8,119.2,57.1,25.4,4.5,29,25.2,14.1,13.1,14.7,52.8,11.9,30.5,9.2,9.2,10.8,8.7,7.2,27.1,9.2,11.3,23.1,8.7,44.1,26.8,31.3,70.4,7.7,8.8,20.2,13.4,4.4,10.6,36.7,5.4,36.7,11,13.5,9,5.8,5.3,4.9,5.3,23.1,21.7,45.8,3.5,7.4,5.8,33.2,6,33.7,7.5,9.5,6.2,5.7,7.9,7.6,5,8.3,10.9,7.4,8.4,8.7,5.6,4.7,3.7,2.8,5.5,6,4.7,10.4,27.3,23,16.6,13.1,8.4,8.5,8.6,28.1,29.6,27.9,9.8,11.4,9.9,32.7,10.2,8.7,18.7,8.1,12.6,10.1,9.3,8.7,9.2,9.6,8.6,3,4.9,6.2,10.6,6.4,6.4,9.9,9,6.8,9,3.2,9.2,3.8,6.8,6.1,4.8,9.3,4.8,8.7,4.8,69.4,4.6,69.2,6.3,7.9,7.8,10.4,6.9,11.4,7.3,10.6,9.2,43.2,203,8,7.5,13,4.5,16.8,7.7,75.6,6.4,14,5.5,19.4,7.2,4.3,11.2,4.6,5.2,10.5,22.2,6.1,8.3,5.9,9.8,9.2,10,5,6.5,17.1,11,8.3,4.5,10.8,,
,Indonesia,50.5,94.6,80.1,91.1,99,121,74.2,115.2,31.3,56.4,78.4,94.2,53.8,85.5,73,116.2,69.4,107.2,71.1,79,61.8,87,127.6,128.7,124.9,118.3,132.8,100.3,148.6,158.3,134.3,173.9,175.4,144.7,92.1,134.5,118.6,145.8,132,157.7,178.6,128.6,123.4,153.1,93,168.8,111.9,234.8,121.9,74.1,221.2,308.3,227.7,224.7,113.5,158,137.3,145.5,113.9,144.1,150.6,147,189.7,188.2,176,204.6,167.2,161.3,148.8,105.3,163.7,267.5,150.1,161.7,124,148.5,179.8,149.3,153.8,180.5,134,116.6,83.9,194.3,149.6,78.4,126,143.5,104.3,113.9,175.6,114.3,107.4,131.2,120.5,81.6,138.6,114.5,189.1,176.4,91.6,198.7,148,142.6,203,104.1,115,150.5,191.1,149.3,174.8,173.5,140.7,178.3,224.9,172.8,193.4,162.4,188.7,230.8,165.1,152.1,178,233.5,115.1,169.9,122.4,171.9,123.9,162.3,120,213.7,163.4,89.6,226.5,121,210.1,126.6,135.7,104.2,130.1,201.8,124.1,170.6,187.2,126.8,159.3,297.1,210.7,241.9,134.9,165.6,200.2,173.8,219.5,146.3,231.7,210.8,219.7,277.5,291.5,218.2,369.2,228.9,316.4,288.2,327.4,288.9,225,222.8,249.4,230,169.3,96.9,175,108.2,160.6,246.8,234.3,218,150.9,197.8,166.7,266.3,233.2,209.7,213.2,153.7,183.3,158.8,155,234.3,308.7,108.7,288.3,244,393.6,276.7,218.2,196.7,,
,Singapore,52.3,56.7,179,87.1,135.5,128.7,131.1,70.6,71,57.2,66.3,63.3,123.3,60.8,74.3,73.4,80.7,61.7,71.7,70.5,93.4,73.3,63,75.4,64.6,85.6,79.6,71.7,71.7,64.2,59.8,87.8,63.2,76.5,65.9,87.6,78.1,77.1,91.7,72,89.1,85.6,72.6,92,78.6,77.7,98.4,70.1,86.5,67.2,86.8,79.6,86.3,76.5,91.6,79.2,103.5,119.9,70.9,64.9,129.6,124.3,101.6,159.7,112.4,144.7,89.3,73.2,81.8,82.2,71.5,102.6,108.6,101.9,194.9,95.2,129.9,108.1,90.6,124.1,109.9,168.6,86.9,260.1,96.2,124.5,120.9,114.7,91.7,97.4,90.4,118,103.5,114,117,137.4,91.5,88.6,114,199.3,144.2,120.8,102.8,98.1,107,95.7,123.4,106.2,90.8,81.9,90.6,92.9,101.3,110.6,116.5,118.9,81,111.7,107.2,120.6,120.2,96.6,137.2,123.5,140.9,109.5,118,116.6,109.9,151.5,165.4,166.2,151.6,125.5,149.8,117.8,142.1,105.5,92.2,75.7,64.6,117.1,70.3,85.7,87.3,81.5,101.4,98.8,77.3,86.6,127.7,120.2,102.9,112.2,105.6,118.3,119,120.9,146,102.2,160.3,136.5,117,122.8,134.6,123.4,156,139.5,154.7,160,161.2,153.7,126.7,118.8,132.3,132.9,123.9,138.3,215.5,127.1,122.9,116.8,104,123.6,137.2,144.4,250.7,166.5,393.3,359,135.2,176.6,246.6,275.5,175,199.3,418.3,316.6,364.1,180,,
,Russian Federation,89,95.3,139.5,97.1,62.1,72.5,73.5,72.5,63.7,62.2,97.3,87.5,59,71.8,94.7,96.9,115.5,86.6,91.7,112.6,154.5,126.2,144.1,179.8,87.4,87.9,113.6,153.6,124.7,148.6,125.2,130.2,181.1,153.6,153.9,211.4,141.3,198.2,164.9,177.3,217.9,128,111,109.9,121.3,200,151,109.1,93.1,96.3,135.7,121.7,92.7,138.1,105.9,124.6,175.7,152.2,139.8,118.5,111.6,133.2,134.7,156.6,115.4,135.2,185.8,45.6,91.6,78.7,73.6,56.1,37.2,45.1,43.5,47.5,31.1,49.4,34.5,51.7,57,69.1,47.2,124.5,61.8,61.2,64.8,55.5,37.7,47,49.6,42,63.9,43.3,42.8,64.2,72.9,41.2,120.9,39.5,56.5,46.7,59,50.1,41.4,53.4,56.1,59,37.8,50.1,57.2,43.3,43.4,64.2,61.7,44.2,40.9,44.1,54.5,45.7,30.9,52.5,59.5,53.6,55.3,68.6,55.5,89.3,51.8,67.8,46.4,45.9,45.7,46,77.3,44.7,58.8,67.7,38.8,44.1,47.5,74.1,52.3,40.4,30.3,42.2,44.8,56.1,44.4,155.8,41.7,33.6,34.3,65.2,36,54.9,39.9,120.6,5.6,3.5,7.5,3.5,3.8,3.3,2.5,11.7,6,7.2,6.3,5.9,9.8,2.1,2.9,4.3,4.2,1.6,2.1,2.1,3.1,5.4,3.9,5.6,4.7,6.8,10,5,2.2,2.7,1.8,1.8,4.1,3.7,1.3,3.2,1.3,1,3.2,2,8.4,4.1,,
